{"cameraMode":{"drawMode":0,"name":"Shaded","section":"Shading Mode"},"sceneLighting":false,"audioPlay":false,"sceneViewState":{"m_AlwaysRefresh":false,"showFog":true,"showSkybox":false,"showFlares":true,"showImageEffects":true,"showParticleSystems":true,"showVisualEffectGraphs":true,"m_FxEnabled":true},"in2DMode":false,"pivot":{"x":-0.3599356412887573,"y":1.8099414110183716,"z":-4.160757541656494},"rotation":{"x":-0.0004668058536481112,"y":0.9992792010307312,"z":-0.013201219029724598,"w":-0.03600354492664337},"size":3.5190627574920656,"orthographic":false}